instrument_token,exchange_token,tradingsymbol,name,last_price,expiry,strike,tick_size,lot_size,instrument_type,segment,exchange
11260162,43985,NIFTY2321616100CE,NIFTY,0.0,2023-02-16,16100.0,0.05,50,CE,NFO-OPT,NFO
11260418,43986,NIFTY2321616100PE,NIFTY,0.0,2023-02-16,16100.0,0.05,50,PE,NFO-OPT,NFO
11260674,43987,NIFTY2321616150CE,NIFTY,0.0,2023-02-16,16150.0,0.05,50,CE,NFO-OPT,NFO
11260930,43988,NIFTY2321616150PE,NIFTY,0.0,2023-02-16,16150.0,0.05,50,PE,NFO-OPT,NFO
11261186,43989,NIFTY2321616200CE,NIFTY,0.0,2023-02-16,16200.0,0.05,50,CE,NFO-OPT,NFO
11261442,43990,NIFTY2321616200PE,NIFTY,0.0,2023-02-16,16200.0,0.05,50,PE,NFO-OPT,NFO
11261698,43991,NIFTY2321616250CE,NIFTY,0.0,2023-02-16,16250.0,0.05,50,CE,NFO-OPT,NFO
11261954,43992,NIFTY2321616250PE,NIFTY,0.0,2023-02-16,16250.0,0.05,50,PE,NFO-OPT,NFO
11262978,43996,NIFTY2321616300CE,NIFTY,0.0,2023-02-16,16300.0,0.05,50,CE,NFO-OPT,NFO
11263234,43997,NIFTY2321616300PE,NIFTY,0.0,2023-02-16,16300.0,0.05,50,PE,NFO-OPT,NFO
11264514,44002,NIFTY2321616350CE,NIFTY,0.0,2023-02-16,16350.0,0.05,50,CE,NFO-OPT,NFO
11264770,44003,NIFTY2321616350PE,NIFTY,0.0,2023-02-16,16350.0,0.05,50,PE,NFO-OPT,NFO
11265026,44004,NIFTY2321616400CE,NIFTY,0.0,2023-02-16,16400.0,0.05,50,CE,NFO-OPT,NFO
11265538,44006,NIFTY2321616400PE,NIFTY,0.0,2023-02-16,16400.0,0.05,50,PE,NFO-OPT,NFO
11266818,44011,NIFTY2321616450CE,NIFTY,0.0,2023-02-16,16450.0,0.05,50,CE,NFO-OPT,NFO
11267074,44012,NIFTY2321616450PE,NIFTY,0.0,2023-02-16,16450.0,0.05,50,PE,NFO-OPT,NFO
11267330,44013,NIFTY2321616500CE,NIFTY,0.0,2023-02-16,16500.0,0.05,50,CE,NFO-OPT,NFO
11267586,44014,NIFTY2321616500PE,NIFTY,0.0,2023-02-16,16500.0,0.05,50,PE,NFO-OPT,NFO
11267842,44015,NIFTY2321616550CE,NIFTY,0.0,2023-02-16,16550.0,0.05,50,CE,NFO-OPT,NFO
11268098,44016,NIFTY2321616550PE,NIFTY,0.0,2023-02-16,16550.0,0.05,50,PE,NFO-OPT,NFO
11268354,44017,NIFTY2321616600CE,NIFTY,0.0,2023-02-16,16600.0,0.05,50,CE,NFO-OPT,NFO
11268866,44019,NIFTY2321616600PE,NIFTY,0.0,2023-02-16,16600.0,0.05,50,PE,NFO-OPT,NFO
11269634,44022,NIFTY2321616650CE,NIFTY,0.0,2023-02-16,16650.0,0.05,50,CE,NFO-OPT,NFO
11269890,44023,NIFTY2321616650PE,NIFTY,0.0,2023-02-16,16650.0,0.05,50,PE,NFO-OPT,NFO
11270658,44026,NIFTY2321616700CE,NIFTY,0.0,2023-02-16,16700.0,0.05,50,CE,NFO-OPT,NFO
11270914,44027,NIFTY2321616700PE,NIFTY,0.0,2023-02-16,16700.0,0.05,50,PE,NFO-OPT,NFO
11271170,44028,NIFTY2321616750CE,NIFTY,0.0,2023-02-16,16750.0,0.05,50,CE,NFO-OPT,NFO
11271426,44029,NIFTY2321616750PE,NIFTY,0.0,2023-02-16,16750.0,0.05,50,PE,NFO-OPT,NFO
11271682,44030,NIFTY2321616800CE,NIFTY,0.0,2023-02-16,16800.0,0.05,50,CE,NFO-OPT,NFO
11273218,44036,NIFTY2321616800PE,NIFTY,0.0,2023-02-16,16800.0,0.05,50,PE,NFO-OPT,NFO
11273474,44037,NIFTY2321616850CE,NIFTY,0.0,2023-02-16,16850.0,0.05,50,CE,NFO-OPT,NFO
11273986,44039,NIFTY2321616850PE,NIFTY,0.0,2023-02-16,16850.0,0.05,50,PE,NFO-OPT,NFO
11274242,44040,NIFTY2321616900CE,NIFTY,0.0,2023-02-16,16900.0,0.05,50,CE,NFO-OPT,NFO
11274498,44041,NIFTY2321616900PE,NIFTY,0.0,2023-02-16,16900.0,0.05,50,PE,NFO-OPT,NFO
11275010,44043,NIFTY2321616950CE,NIFTY,0.0,2023-02-16,16950.0,0.05,50,CE,NFO-OPT,NFO
11276546,44049,NIFTY2321616950PE,NIFTY,0.0,2023-02-16,16950.0,0.05,50,PE,NFO-OPT,NFO
11276802,44050,NIFTY2321617000CE,NIFTY,0.0,2023-02-16,17000.0,0.05,50,CE,NFO-OPT,NFO
11277314,44052,NIFTY2321617000PE,NIFTY,0.0,2023-02-16,17000.0,0.05,50,PE,NFO-OPT,NFO
11277570,44053,NIFTY2321617050CE,NIFTY,0.0,2023-02-16,17050.0,0.05,50,CE,NFO-OPT,NFO
11277826,44054,NIFTY2321617050PE,NIFTY,0.0,2023-02-16,17050.0,0.05,50,PE,NFO-OPT,NFO
11278082,44055,NIFTY2321617100CE,NIFTY,0.0,2023-02-16,17100.0,0.05,50,CE,NFO-OPT,NFO
11278338,44056,NIFTY2321617100PE,NIFTY,0.0,2023-02-16,17100.0,0.05,50,PE,NFO-OPT,NFO
11278594,44057,NIFTY2321617150CE,NIFTY,0.0,2023-02-16,17150.0,0.05,50,CE,NFO-OPT,NFO
11278850,44058,NIFTY2321617150PE,NIFTY,0.0,2023-02-16,17150.0,0.05,50,PE,NFO-OPT,NFO
11279106,44059,NIFTY2321617200CE,NIFTY,0.0,2023-02-16,17200.0,0.05,50,CE,NFO-OPT,NFO
11279362,44060,NIFTY2321617200PE,NIFTY,0.0,2023-02-16,17200.0,0.05,50,PE,NFO-OPT,NFO
11279618,44061,NIFTY2321617250CE,NIFTY,0.0,2023-02-16,17250.0,0.05,50,CE,NFO-OPT,NFO
11280898,44066,NIFTY2321617250PE,NIFTY,0.0,2023-02-16,17250.0,0.05,50,PE,NFO-OPT,NFO
11281154,44067,NIFTY2321617300CE,NIFTY,0.0,2023-02-16,17300.0,0.05,50,CE,NFO-OPT,NFO
11281410,44068,NIFTY2321617300PE,NIFTY,0.0,2023-02-16,17300.0,0.05,50,PE,NFO-OPT,NFO
11281666,44069,NIFTY2321617350CE,NIFTY,0.0,2023-02-16,17350.0,0.05,50,CE,NFO-OPT,NFO
11281922,44070,NIFTY2321617350PE,NIFTY,0.0,2023-02-16,17350.0,0.05,50,PE,NFO-OPT,NFO
11282690,44073,NIFTY2321617400CE,NIFTY,0.0,2023-02-16,17400.0,0.05,50,CE,NFO-OPT,NFO
11282946,44074,NIFTY2321617400PE,NIFTY,0.0,2023-02-16,17400.0,0.05,50,PE,NFO-OPT,NFO
11283202,44075,NIFTY2321617450CE,NIFTY,0.0,2023-02-16,17450.0,0.05,50,CE,NFO-OPT,NFO
11283970,44078,NIFTY2321617450PE,NIFTY,0.0,2023-02-16,17450.0,0.05,50,PE,NFO-OPT,NFO
11284226,44079,NIFTY2321617500CE,NIFTY,0.0,2023-02-16,17500.0,0.05,50,CE,NFO-OPT,NFO
11284482,44080,NIFTY2321617500PE,NIFTY,0.0,2023-02-16,17500.0,0.05,50,PE,NFO-OPT,NFO
11284738,44081,NIFTY2321617550CE,NIFTY,0.0,2023-02-16,17550.0,0.05,50,CE,NFO-OPT,NFO
11284994,44082,NIFTY2321617550PE,NIFTY,0.0,2023-02-16,17550.0,0.05,50,PE,NFO-OPT,NFO
11285250,44083,NIFTY2321617600CE,NIFTY,0.0,2023-02-16,17600.0,0.05,50,CE,NFO-OPT,NFO
11285506,44084,NIFTY2321617600PE,NIFTY,0.0,2023-02-16,17600.0,0.05,50,PE,NFO-OPT,NFO
11285762,44085,NIFTY2321617650CE,NIFTY,0.0,2023-02-16,17650.0,0.05,50,CE,NFO-OPT,NFO
11286018,44086,NIFTY2321617650PE,NIFTY,0.0,2023-02-16,17650.0,0.05,50,PE,NFO-OPT,NFO
11286274,44087,NIFTY2321617700CE,NIFTY,0.0,2023-02-16,17700.0,0.05,50,CE,NFO-OPT,NFO
11286530,44088,NIFTY2321617700PE,NIFTY,0.0,2023-02-16,17700.0,0.05,50,PE,NFO-OPT,NFO
11286786,44089,NIFTY2321617750CE,NIFTY,0.0,2023-02-16,17750.0,0.05,50,CE,NFO-OPT,NFO
11287042,44090,NIFTY2321617750PE,NIFTY,0.0,2023-02-16,17750.0,0.05,50,PE,NFO-OPT,NFO
11287298,44091,NIFTY2321617800CE,NIFTY,0.0,2023-02-16,17800.0,0.05,50,CE,NFO-OPT,NFO
11287554,44092,NIFTY2321617800PE,NIFTY,0.0,2023-02-16,17800.0,0.05,50,PE,NFO-OPT,NFO
11288322,44095,NIFTY2321617850CE,NIFTY,0.0,2023-02-16,17850.0,0.05,50,CE,NFO-OPT,NFO
11289090,44098,NIFTY2321617850PE,NIFTY,0.0,2023-02-16,17850.0,0.05,50,PE,NFO-OPT,NFO
11289346,44099,NIFTY2321617900CE,NIFTY,0.0,2023-02-16,17900.0,0.05,50,CE,NFO-OPT,NFO
11289602,44100,NIFTY2321617900PE,NIFTY,0.0,2023-02-16,17900.0,0.05,50,PE,NFO-OPT,NFO
11289858,44101,NIFTY2321617950CE,NIFTY,0.0,2023-02-16,17950.0,0.05,50,CE,NFO-OPT,NFO
11290114,44102,NIFTY2321617950PE,NIFTY,0.0,2023-02-16,17950.0,0.05,50,PE,NFO-OPT,NFO
11290370,44103,NIFTY2321618000CE,NIFTY,0.0,2023-02-16,18000.0,0.05,50,CE,NFO-OPT,NFO
11290626,44104,NIFTY2321618000PE,NIFTY,0.0,2023-02-16,18000.0,0.05,50,PE,NFO-OPT,NFO
11290882,44105,NIFTY2321618050CE,NIFTY,0.0,2023-02-16,18050.0,0.05,50,CE,NFO-OPT,NFO
11291138,44106,NIFTY2321618050PE,NIFTY,0.0,2023-02-16,18050.0,0.05,50,PE,NFO-OPT,NFO
11291394,44107,NIFTY2321618100CE,NIFTY,0.0,2023-02-16,18100.0,0.05,50,CE,NFO-OPT,NFO
11291650,44108,NIFTY2321618100PE,NIFTY,0.0,2023-02-16,18100.0,0.05,50,PE,NFO-OPT,NFO
11291906,44109,NIFTY2321618150CE,NIFTY,0.0,2023-02-16,18150.0,0.05,50,CE,NFO-OPT,NFO
11292162,44110,NIFTY2321618150PE,NIFTY,0.0,2023-02-16,18150.0,0.05,50,PE,NFO-OPT,NFO
11292418,44111,NIFTY2321618200CE,NIFTY,0.0,2023-02-16,18200.0,0.05,50,CE,NFO-OPT,NFO
11293186,44114,NIFTY2321618200PE,NIFTY,0.0,2023-02-16,18200.0,0.05,50,PE,NFO-OPT,NFO
11293442,44115,NIFTY2321618250CE,NIFTY,0.0,2023-02-16,18250.0,0.05,50,CE,NFO-OPT,NFO
11293698,44116,NIFTY2321618250PE,NIFTY,0.0,2023-02-16,18250.0,0.05,50,PE,NFO-OPT,NFO
11293954,44117,NIFTY2321618300CE,NIFTY,0.0,2023-02-16,18300.0,0.05,50,CE,NFO-OPT,NFO
11294210,44118,NIFTY2321618300PE,NIFTY,0.0,2023-02-16,18300.0,0.05,50,PE,NFO-OPT,NFO
11294466,44119,NIFTY2321618350CE,NIFTY,0.0,2023-02-16,18350.0,0.05,50,CE,NFO-OPT,NFO
11294978,44121,NIFTY2321618350PE,NIFTY,0.0,2023-02-16,18350.0,0.05,50,PE,NFO-OPT,NFO
11295234,44122,NIFTY2321618400CE,NIFTY,0.0,2023-02-16,18400.0,0.05,50,CE,NFO-OPT,NFO
11295490,44123,NIFTY2321618400PE,NIFTY,0.0,2023-02-16,18400.0,0.05,50,PE,NFO-OPT,NFO
11296002,44125,NIFTY2321618450CE,NIFTY,0.0,2023-02-16,18450.0,0.05,50,CE,NFO-OPT,NFO
11296258,44126,NIFTY2321618450PE,NIFTY,0.0,2023-02-16,18450.0,0.05,50,PE,NFO-OPT,NFO
11296514,44127,NIFTY2321618500CE,NIFTY,0.0,2023-02-16,18500.0,0.05,50,CE,NFO-OPT,NFO
11296770,44128,NIFTY2321618500PE,NIFTY,0.0,2023-02-16,18500.0,0.05,50,PE,NFO-OPT,NFO
11297026,44129,NIFTY2321618550CE,NIFTY,0.0,2023-02-16,18550.0,0.05,50,CE,NFO-OPT,NFO
11297282,44130,NIFTY2321618550PE,NIFTY,0.0,2023-02-16,18550.0,0.05,50,PE,NFO-OPT,NFO
11297538,44131,NIFTY2321618600CE,NIFTY,0.0,2023-02-16,18600.0,0.05,50,CE,NFO-OPT,NFO
11297794,44132,NIFTY2321618600PE,NIFTY,0.0,2023-02-16,18600.0,0.05,50,PE,NFO-OPT,NFO
11298050,44133,NIFTY2321618650CE,NIFTY,0.0,2023-02-16,18650.0,0.05,50,CE,NFO-OPT,NFO
11298306,44134,NIFTY2321618650PE,NIFTY,0.0,2023-02-16,18650.0,0.05,50,PE,NFO-OPT,NFO
11298562,44135,NIFTY2321618700CE,NIFTY,0.0,2023-02-16,18700.0,0.05,50,CE,NFO-OPT,NFO
11298818,44136,NIFTY2321618700PE,NIFTY,0.0,2023-02-16,18700.0,0.05,50,PE,NFO-OPT,NFO
11299330,44138,NIFTY2321618750CE,NIFTY,0.0,2023-02-16,18750.0,0.05,50,CE,NFO-OPT,NFO
11301378,44146,NIFTY2321618750PE,NIFTY,0.0,2023-02-16,18750.0,0.05,50,PE,NFO-OPT,NFO
11301634,44147,NIFTY2321618800CE,NIFTY,0.0,2023-02-16,18800.0,0.05,50,CE,NFO-OPT,NFO
11301890,44148,NIFTY2321618800PE,NIFTY,0.0,2023-02-16,18800.0,0.05,50,PE,NFO-OPT,NFO
11302146,44149,NIFTY2321618850CE,NIFTY,0.0,2023-02-16,18850.0,0.05,50,CE,NFO-OPT,NFO
11302402,44150,NIFTY2321618850PE,NIFTY,0.0,2023-02-16,18850.0,0.05,50,PE,NFO-OPT,NFO
11302658,44151,NIFTY2321618900CE,NIFTY,0.0,2023-02-16,18900.0,0.05,50,CE,NFO-OPT,NFO
11302914,44152,NIFTY2321618900PE,NIFTY,0.0,2023-02-16,18900.0,0.05,50,PE,NFO-OPT,NFO
11303170,44153,NIFTY2321618950CE,NIFTY,0.0,2023-02-16,18950.0,0.05,50,CE,NFO-OPT,NFO
11303426,44154,NIFTY2321618950PE,NIFTY,0.0,2023-02-16,18950.0,0.05,50,PE,NFO-OPT,NFO
11303682,44155,NIFTY2321619000CE,NIFTY,0.0,2023-02-16,19000.0,0.05,50,CE,NFO-OPT,NFO
11303938,44156,NIFTY2321619000PE,NIFTY,0.0,2023-02-16,19000.0,0.05,50,PE,NFO-OPT,NFO
11304194,44157,NIFTY2321619050CE,NIFTY,0.0,2023-02-16,19050.0,0.05,50,CE,NFO-OPT,NFO
11304450,44158,NIFTY2321619050PE,NIFTY,0.0,2023-02-16,19050.0,0.05,50,PE,NFO-OPT,NFO
11304706,44159,NIFTY2321619100CE,NIFTY,0.0,2023-02-16,19100.0,0.05,50,CE,NFO-OPT,NFO
11304962,44160,NIFTY2321619100PE,NIFTY,0.0,2023-02-16,19100.0,0.05,50,PE,NFO-OPT,NFO
11305218,44161,NIFTY2321619150CE,NIFTY,0.0,2023-02-16,19150.0,0.05,50,CE,NFO-OPT,NFO
11305474,44162,NIFTY2321619150PE,NIFTY,0.0,2023-02-16,19150.0,0.05,50,PE,NFO-OPT,NFO
11305730,44163,NIFTY2321619200CE,NIFTY,0.0,2023-02-16,19200.0,0.05,50,CE,NFO-OPT,NFO
11305986,44164,NIFTY2321619200PE,NIFTY,0.0,2023-02-16,19200.0,0.05,50,PE,NFO-OPT,NFO
11306242,44165,NIFTY2321619250CE,NIFTY,0.0,2023-02-16,19250.0,0.05,50,CE,NFO-OPT,NFO
11306498,44166,NIFTY2321619250PE,NIFTY,0.0,2023-02-16,19250.0,0.05,50,PE,NFO-OPT,NFO
11306754,44167,NIFTY2321619300CE,NIFTY,0.0,2023-02-16,19300.0,0.05,50,CE,NFO-OPT,NFO
11307266,44169,NIFTY2321619300PE,NIFTY,0.0,2023-02-16,19300.0,0.05,50,PE,NFO-OPT,NFO
11307778,44171,NIFTY2321619350CE,NIFTY,0.0,2023-02-16,19350.0,0.05,50,CE,NFO-OPT,NFO
11310594,44182,NIFTY2321619350PE,NIFTY,0.0,2023-02-16,19350.0,0.05,50,PE,NFO-OPT,NFO
11310850,44183,NIFTY2321619400CE,NIFTY,0.0,2023-02-16,19400.0,0.05,50,CE,NFO-OPT,NFO
11311106,44184,NIFTY2321619400PE,NIFTY,0.0,2023-02-16,19400.0,0.05,50,PE,NFO-OPT,NFO
11311362,44185,NIFTY2321619450CE,NIFTY,0.0,2023-02-16,19450.0,0.05,50,CE,NFO-OPT,NFO
11311618,44186,NIFTY2321619450PE,NIFTY,0.0,2023-02-16,19450.0,0.05,50,PE,NFO-OPT,NFO
11311874,44187,NIFTY2321619500CE,NIFTY,0.0,2023-02-16,19500.0,0.05,50,CE,NFO-OPT,NFO
11312130,44188,NIFTY2321619500PE,NIFTY,0.0,2023-02-16,19500.0,0.05,50,PE,NFO-OPT,NFO
11312386,44189,NIFTY2321619550CE,NIFTY,0.0,2023-02-16,19550.0,0.05,50,CE,NFO-OPT,NFO
11312642,44190,NIFTY2321619550PE,NIFTY,0.0,2023-02-16,19550.0,0.05,50,PE,NFO-OPT,NFO
11313410,44193,NIFTY2321619600CE,NIFTY,0.0,2023-02-16,19600.0,0.05,50,CE,NFO-OPT,NFO
11314178,44196,NIFTY2321619600PE,NIFTY,0.0,2023-02-16,19600.0,0.05,50,PE,NFO-OPT,NFO
11314434,44197,NIFTY2321619650CE,NIFTY,0.0,2023-02-16,19650.0,0.05,50,CE,NFO-OPT,NFO
11314690,44198,NIFTY2321619650PE,NIFTY,0.0,2023-02-16,19650.0,0.05,50,PE,NFO-OPT,NFO
11134210,43493,BANKNIFTY2321635500CE,BANKNIFTY,0.0,2023-02-16,35500.0,0.05,25,CE,NFO-OPT,NFO
11136770,43503,BANKNIFTY2321635500PE,BANKNIFTY,0.0,2023-02-16,35500.0,0.05,25,PE,NFO-OPT,NFO
11137026,43504,BANKNIFTY2321636000CE,BANKNIFTY,0.0,2023-02-16,36000.0,0.05,25,CE,NFO-OPT,NFO
11137282,43505,BANKNIFTY2321636000PE,BANKNIFTY,0.0,2023-02-16,36000.0,0.05,25,PE,NFO-OPT,NFO
11138050,43508,BANKNIFTY2321636500CE,BANKNIFTY,0.0,2023-02-16,36500.0,0.05,25,CE,NFO-OPT,NFO
11138306,43509,BANKNIFTY2321636500PE,BANKNIFTY,0.0,2023-02-16,36500.0,0.05,25,PE,NFO-OPT,NFO
11138562,43510,BANKNIFTY2321637000CE,BANKNIFTY,0.0,2023-02-16,37000.0,0.05,25,CE,NFO-OPT,NFO
11140098,43516,BANKNIFTY2321637000PE,BANKNIFTY,0.0,2023-02-16,37000.0,0.05,25,PE,NFO-OPT,NFO
11140354,43517,BANKNIFTY2321637500CE,BANKNIFTY,0.0,2023-02-16,37500.0,0.05,25,CE,NFO-OPT,NFO
11140866,43519,BANKNIFTY2321637500PE,BANKNIFTY,0.0,2023-02-16,37500.0,0.05,25,PE,NFO-OPT,NFO
13602818,53136,BANKNIFTY2321637600CE,BANKNIFTY,0.0,2023-02-16,37600.0,0.05,25,CE,NFO-OPT,NFO
13603586,53139,BANKNIFTY2321637600PE,BANKNIFTY,0.0,2023-02-16,37600.0,0.05,25,PE,NFO-OPT,NFO
13603842,53140,BANKNIFTY2321637700CE,BANKNIFTY,0.0,2023-02-16,37700.0,0.05,25,CE,NFO-OPT,NFO
13604098,53141,BANKNIFTY2321637700PE,BANKNIFTY,0.0,2023-02-16,37700.0,0.05,25,PE,NFO-OPT,NFO
13604354,53142,BANKNIFTY2321637800CE,BANKNIFTY,0.0,2023-02-16,37800.0,0.05,25,CE,NFO-OPT,NFO
13604610,53143,BANKNIFTY2321637800PE,BANKNIFTY,0.0,2023-02-16,37800.0,0.05,25,PE,NFO-OPT,NFO
13604866,53144,BANKNIFTY2321637900CE,BANKNIFTY,0.0,2023-02-16,37900.0,0.05,25,CE,NFO-OPT,NFO
13605122,53145,BANKNIFTY2321637900PE,BANKNIFTY,0.0,2023-02-16,37900.0,0.05,25,PE,NFO-OPT,NFO
11141122,43520,BANKNIFTY2321638000CE,BANKNIFTY,0.0,2023-02-16,38000.0,0.05,25,CE,NFO-OPT,NFO
11144450,43533,BANKNIFTY2321638000PE,BANKNIFTY,0.0,2023-02-16,38000.0,0.05,25,PE,NFO-OPT,NFO
11144706,43534,BANKNIFTY2321638100CE,BANKNIFTY,0.0,2023-02-16,38100.0,0.05,25,CE,NFO-OPT,NFO
11147010,43543,BANKNIFTY2321638100PE,BANKNIFTY,0.0,2023-02-16,38100.0,0.05,25,PE,NFO-OPT,NFO
11147266,43544,BANKNIFTY2321638200CE,BANKNIFTY,0.0,2023-02-16,38200.0,0.05,25,CE,NFO-OPT,NFO
11147522,43545,BANKNIFTY2321638200PE,BANKNIFTY,0.0,2023-02-16,38200.0,0.05,25,PE,NFO-OPT,NFO
11147778,43546,BANKNIFTY2321638300CE,BANKNIFTY,0.0,2023-02-16,38300.0,0.05,25,CE,NFO-OPT,NFO
11148034,43547,BANKNIFTY2321638300PE,BANKNIFTY,0.0,2023-02-16,38300.0,0.05,25,PE,NFO-OPT,NFO
11148290,43548,BANKNIFTY2321638400CE,BANKNIFTY,0.0,2023-02-16,38400.0,0.05,25,CE,NFO-OPT,NFO
11148546,43549,BANKNIFTY2321638400PE,BANKNIFTY,0.0,2023-02-16,38400.0,0.05,25,PE,NFO-OPT,NFO
11148802,43550,BANKNIFTY2321638500CE,BANKNIFTY,0.0,2023-02-16,38500.0,0.05,25,CE,NFO-OPT,NFO
11149826,43554,BANKNIFTY2321638500PE,BANKNIFTY,0.0,2023-02-16,38500.0,0.05,25,PE,NFO-OPT,NFO
11150594,43557,BANKNIFTY2321638600CE,BANKNIFTY,0.0,2023-02-16,38600.0,0.05,25,CE,NFO-OPT,NFO
11150850,43558,BANKNIFTY2321638600PE,BANKNIFTY,0.0,2023-02-16,38600.0,0.05,25,PE,NFO-OPT,NFO
11151106,43559,BANKNIFTY2321638700CE,BANKNIFTY,0.0,2023-02-16,38700.0,0.05,25,CE,NFO-OPT,NFO
11151362,43560,BANKNIFTY2321638700PE,BANKNIFTY,0.0,2023-02-16,38700.0,0.05,25,PE,NFO-OPT,NFO
11151618,43561,BANKNIFTY2321638800CE,BANKNIFTY,0.0,2023-02-16,38800.0,0.05,25,CE,NFO-OPT,NFO
11151874,43562,BANKNIFTY2321638800PE,BANKNIFTY,0.0,2023-02-16,38800.0,0.05,25,PE,NFO-OPT,NFO
11152130,43563,BANKNIFTY2321638900CE,BANKNIFTY,0.0,2023-02-16,38900.0,0.05,25,CE,NFO-OPT,NFO
11153666,43569,BANKNIFTY2321638900PE,BANKNIFTY,0.0,2023-02-16,38900.0,0.05,25,PE,NFO-OPT,NFO
11153922,43570,BANKNIFTY2321639000CE,BANKNIFTY,0.0,2023-02-16,39000.0,0.05,25,CE,NFO-OPT,NFO
11154178,43571,BANKNIFTY2321639000PE,BANKNIFTY,0.0,2023-02-16,39000.0,0.05,25,PE,NFO-OPT,NFO
11155202,43575,BANKNIFTY2321639100CE,BANKNIFTY,0.0,2023-02-16,39100.0,0.05,25,CE,NFO-OPT,NFO
11155458,43576,BANKNIFTY2321639100PE,BANKNIFTY,0.0,2023-02-16,39100.0,0.05,25,PE,NFO-OPT,NFO
11155714,43577,BANKNIFTY2321639200CE,BANKNIFTY,0.0,2023-02-16,39200.0,0.05,25,CE,NFO-OPT,NFO
11156994,43582,BANKNIFTY2321639200PE,BANKNIFTY,0.0,2023-02-16,39200.0,0.05,25,PE,NFO-OPT,NFO
11157250,43583,BANKNIFTY2321639300CE,BANKNIFTY,0.0,2023-02-16,39300.0,0.05,25,CE,NFO-OPT,NFO
11158018,43586,BANKNIFTY2321639300PE,BANKNIFTY,0.0,2023-02-16,39300.0,0.05,25,PE,NFO-OPT,NFO
11158274,43587,BANKNIFTY2321639400CE,BANKNIFTY,0.0,2023-02-16,39400.0,0.05,25,CE,NFO-OPT,NFO
11159042,43590,BANKNIFTY2321639400PE,BANKNIFTY,0.0,2023-02-16,39400.0,0.05,25,PE,NFO-OPT,NFO
11159554,43592,BANKNIFTY2321639500CE,BANKNIFTY,0.0,2023-02-16,39500.0,0.05,25,CE,NFO-OPT,NFO
11160066,43594,BANKNIFTY2321639500PE,BANKNIFTY,0.0,2023-02-16,39500.0,0.05,25,PE,NFO-OPT,NFO
11160322,43595,BANKNIFTY2321639600CE,BANKNIFTY,0.0,2023-02-16,39600.0,0.05,25,CE,NFO-OPT,NFO
11160578,43596,BANKNIFTY2321639600PE,BANKNIFTY,0.0,2023-02-16,39600.0,0.05,25,PE,NFO-OPT,NFO
11160834,43597,BANKNIFTY2321639700CE,BANKNIFTY,0.0,2023-02-16,39700.0,0.05,25,CE,NFO-OPT,NFO
11161090,43598,BANKNIFTY2321639700PE,BANKNIFTY,0.0,2023-02-16,39700.0,0.05,25,PE,NFO-OPT,NFO
11161346,43599,BANKNIFTY2321639800CE,BANKNIFTY,0.0,2023-02-16,39800.0,0.05,25,CE,NFO-OPT,NFO
11161602,43600,BANKNIFTY2321639800PE,BANKNIFTY,0.0,2023-02-16,39800.0,0.05,25,PE,NFO-OPT,NFO
11161858,43601,BANKNIFTY2321639900CE,BANKNIFTY,0.0,2023-02-16,39900.0,0.05,25,CE,NFO-OPT,NFO
11162114,43602,BANKNIFTY2321639900PE,BANKNIFTY,0.0,2023-02-16,39900.0,0.05,25,PE,NFO-OPT,NFO
11162370,43603,BANKNIFTY2321640000CE,BANKNIFTY,0.0,2023-02-16,40000.0,0.05,25,CE,NFO-OPT,NFO
11162882,43605,BANKNIFTY2321640000PE,BANKNIFTY,0.0,2023-02-16,40000.0,0.05,25,PE,NFO-OPT,NFO
11163138,43606,BANKNIFTY2321640100CE,BANKNIFTY,0.0,2023-02-16,40100.0,0.05,25,CE,NFO-OPT,NFO
11163394,43607,BANKNIFTY2321640100PE,BANKNIFTY,0.0,2023-02-16,40100.0,0.05,25,PE,NFO-OPT,NFO
11163650,43608,BANKNIFTY2321640200CE,BANKNIFTY,0.0,2023-02-16,40200.0,0.05,25,CE,NFO-OPT,NFO
11167490,43623,BANKNIFTY2321640200PE,BANKNIFTY,0.0,2023-02-16,40200.0,0.05,25,PE,NFO-OPT,NFO
11167746,43624,BANKNIFTY2321640300CE,BANKNIFTY,0.0,2023-02-16,40300.0,0.05,25,CE,NFO-OPT,NFO
11168514,43627,BANKNIFTY2321640300PE,BANKNIFTY,0.0,2023-02-16,40300.0,0.05,25,PE,NFO-OPT,NFO
11168770,43628,BANKNIFTY2321640400CE,BANKNIFTY,0.0,2023-02-16,40400.0,0.05,25,CE,NFO-OPT,NFO
11169538,43631,BANKNIFTY2321640400PE,BANKNIFTY,0.0,2023-02-16,40400.0,0.05,25,PE,NFO-OPT,NFO
11170050,43633,BANKNIFTY2321640500CE,BANKNIFTY,0.0,2023-02-16,40500.0,0.05,25,CE,NFO-OPT,NFO
11170306,43634,BANKNIFTY2321640500PE,BANKNIFTY,0.0,2023-02-16,40500.0,0.05,25,PE,NFO-OPT,NFO
11170562,43635,BANKNIFTY2321640600CE,BANKNIFTY,0.0,2023-02-16,40600.0,0.05,25,CE,NFO-OPT,NFO
11170818,43636,BANKNIFTY2321640600PE,BANKNIFTY,0.0,2023-02-16,40600.0,0.05,25,PE,NFO-OPT,NFO
11171074,43637,BANKNIFTY2321640700CE,BANKNIFTY,0.0,2023-02-16,40700.0,0.05,25,CE,NFO-OPT,NFO
11171586,43639,BANKNIFTY2321640700PE,BANKNIFTY,0.0,2023-02-16,40700.0,0.05,25,PE,NFO-OPT,NFO
11171842,43640,BANKNIFTY2321640800CE,BANKNIFTY,0.0,2023-02-16,40800.0,0.05,25,CE,NFO-OPT,NFO
11172098,43641,BANKNIFTY2321640800PE,BANKNIFTY,0.0,2023-02-16,40800.0,0.05,25,PE,NFO-OPT,NFO
11172354,43642,BANKNIFTY2321640900CE,BANKNIFTY,0.0,2023-02-16,40900.0,0.05,25,CE,NFO-OPT,NFO
11172610,43643,BANKNIFTY2321640900PE,BANKNIFTY,0.0,2023-02-16,40900.0,0.05,25,PE,NFO-OPT,NFO
11172866,43644,BANKNIFTY2321641000CE,BANKNIFTY,0.0,2023-02-16,41000.0,0.05,25,CE,NFO-OPT,NFO
11174658,43651,BANKNIFTY2321641000PE,BANKNIFTY,0.0,2023-02-16,41000.0,0.05,25,PE,NFO-OPT,NFO
11175682,43655,BANKNIFTY2321641100CE,BANKNIFTY,0.0,2023-02-16,41100.0,0.05,25,CE,NFO-OPT,NFO
11175938,43656,BANKNIFTY2321641100PE,BANKNIFTY,0.0,2023-02-16,41100.0,0.05,25,PE,NFO-OPT,NFO
11176194,43657,BANKNIFTY2321641200CE,BANKNIFTY,0.0,2023-02-16,41200.0,0.05,25,CE,NFO-OPT,NFO
11176450,43658,BANKNIFTY2321641200PE,BANKNIFTY,0.0,2023-02-16,41200.0,0.05,25,PE,NFO-OPT,NFO
11176706,43659,BANKNIFTY2321641300CE,BANKNIFTY,0.0,2023-02-16,41300.0,0.05,25,CE,NFO-OPT,NFO
11178754,43667,BANKNIFTY2321641300PE,BANKNIFTY,0.0,2023-02-16,41300.0,0.05,25,PE,NFO-OPT,NFO
11179010,43668,BANKNIFTY2321641400CE,BANKNIFTY,0.0,2023-02-16,41400.0,0.05,25,CE,NFO-OPT,NFO
11180034,43672,BANKNIFTY2321641400PE,BANKNIFTY,0.0,2023-02-16,41400.0,0.05,25,PE,NFO-OPT,NFO
11180546,43674,BANKNIFTY2321641500CE,BANKNIFTY,0.0,2023-02-16,41500.0,0.05,25,CE,NFO-OPT,NFO
11181570,43678,BANKNIFTY2321641500PE,BANKNIFTY,0.0,2023-02-16,41500.0,0.05,25,PE,NFO-OPT,NFO
11181826,43679,BANKNIFTY2321641600CE,BANKNIFTY,0.0,2023-02-16,41600.0,0.05,25,CE,NFO-OPT,NFO
11182594,43682,BANKNIFTY2321641600PE,BANKNIFTY,0.0,2023-02-16,41600.0,0.05,25,PE,NFO-OPT,NFO
11182850,43683,BANKNIFTY2321641700CE,BANKNIFTY,0.0,2023-02-16,41700.0,0.05,25,CE,NFO-OPT,NFO
11183106,43684,BANKNIFTY2321641700PE,BANKNIFTY,0.0,2023-02-16,41700.0,0.05,25,PE,NFO-OPT,NFO
11183362,43685,BANKNIFTY2321641800CE,BANKNIFTY,0.0,2023-02-16,41800.0,0.05,25,CE,NFO-OPT,NFO
11183618,43686,BANKNIFTY2321641800PE,BANKNIFTY,0.0,2023-02-16,41800.0,0.05,25,PE,NFO-OPT,NFO
11183874,43687,BANKNIFTY2321641900CE,BANKNIFTY,0.0,2023-02-16,41900.0,0.05,25,CE,NFO-OPT,NFO
11184130,43688,BANKNIFTY2321641900PE,BANKNIFTY,0.0,2023-02-16,41900.0,0.05,25,PE,NFO-OPT,NFO
11184386,43689,BANKNIFTY2321642000CE,BANKNIFTY,0.0,2023-02-16,42000.0,0.05,25,CE,NFO-OPT,NFO
11184642,43690,BANKNIFTY2321642000PE,BANKNIFTY,0.0,2023-02-16,42000.0,0.05,25,PE,NFO-OPT,NFO
11184898,43691,BANKNIFTY2321642100CE,BANKNIFTY,0.0,2023-02-16,42100.0,0.05,25,CE,NFO-OPT,NFO
11185410,43693,BANKNIFTY2321642100PE,BANKNIFTY,0.0,2023-02-16,42100.0,0.05,25,PE,NFO-OPT,NFO
11185666,43694,BANKNIFTY2321642200CE,BANKNIFTY,0.0,2023-02-16,42200.0,0.05,25,CE,NFO-OPT,NFO
11185922,43695,BANKNIFTY2321642200PE,BANKNIFTY,0.0,2023-02-16,42200.0,0.05,25,PE,NFO-OPT,NFO
11186178,43696,BANKNIFTY2321642300CE,BANKNIFTY,0.0,2023-02-16,42300.0,0.05,25,CE,NFO-OPT,NFO
11186946,43699,BANKNIFTY2321642300PE,BANKNIFTY,0.0,2023-02-16,42300.0,0.05,25,PE,NFO-OPT,NFO
11187202,43700,BANKNIFTY2321642400CE,BANKNIFTY,0.0,2023-02-16,42400.0,0.05,25,CE,NFO-OPT,NFO
11187458,43701,BANKNIFTY2321642400PE,BANKNIFTY,0.0,2023-02-16,42400.0,0.05,25,PE,NFO-OPT,NFO
11187714,43702,BANKNIFTY2321642500CE,BANKNIFTY,0.0,2023-02-16,42500.0,0.05,25,CE,NFO-OPT,NFO
11188482,43705,BANKNIFTY2321642500PE,BANKNIFTY,0.0,2023-02-16,42500.0,0.05,25,PE,NFO-OPT,NFO
11188738,43706,BANKNIFTY2321642600CE,BANKNIFTY,0.0,2023-02-16,42600.0,0.05,25,CE,NFO-OPT,NFO
11190274,43712,BANKNIFTY2321642600PE,BANKNIFTY,0.0,2023-02-16,42600.0,0.05,25,PE,NFO-OPT,NFO
11190530,43713,BANKNIFTY2321642700CE,BANKNIFTY,0.0,2023-02-16,42700.0,0.05,25,CE,NFO-OPT,NFO
11190786,43714,BANKNIFTY2321642700PE,BANKNIFTY,0.0,2023-02-16,42700.0,0.05,25,PE,NFO-OPT,NFO
11191042,43715,BANKNIFTY2321642800CE,BANKNIFTY,0.0,2023-02-16,42800.0,0.05,25,CE,NFO-OPT,NFO
11191298,43716,BANKNIFTY2321642800PE,BANKNIFTY,0.0,2023-02-16,42800.0,0.05,25,PE,NFO-OPT,NFO
11191554,43717,BANKNIFTY2321642900CE,BANKNIFTY,0.0,2023-02-16,42900.0,0.05,25,CE,NFO-OPT,NFO
11192578,43721,BANKNIFTY2321642900PE,BANKNIFTY,0.0,2023-02-16,42900.0,0.05,25,PE,NFO-OPT,NFO
11193602,43725,BANKNIFTY2321643000CE,BANKNIFTY,0.0,2023-02-16,43000.0,0.05,25,CE,NFO-OPT,NFO
11193858,43726,BANKNIFTY2321643000PE,BANKNIFTY,0.0,2023-02-16,43000.0,0.05,25,PE,NFO-OPT,NFO
11194114,43727,BANKNIFTY2321643100CE,BANKNIFTY,0.0,2023-02-16,43100.0,0.05,25,CE,NFO-OPT,NFO
11194370,43728,BANKNIFTY2321643100PE,BANKNIFTY,0.0,2023-02-16,43100.0,0.05,25,PE,NFO-OPT,NFO
11194626,43729,BANKNIFTY2321643200CE,BANKNIFTY,0.0,2023-02-16,43200.0,0.05,25,CE,NFO-OPT,NFO
11194882,43730,BANKNIFTY2321643200PE,BANKNIFTY,0.0,2023-02-16,43200.0,0.05,25,PE,NFO-OPT,NFO
11195138,43731,BANKNIFTY2321643300CE,BANKNIFTY,0.0,2023-02-16,43300.0,0.05,25,CE,NFO-OPT,NFO
11195394,43732,BANKNIFTY2321643300PE,BANKNIFTY,0.0,2023-02-16,43300.0,0.05,25,PE,NFO-OPT,NFO
11195906,43734,BANKNIFTY2321643400CE,BANKNIFTY,0.0,2023-02-16,43400.0,0.05,25,CE,NFO-OPT,NFO
11196162,43735,BANKNIFTY2321643400PE,BANKNIFTY,0.0,2023-02-16,43400.0,0.05,25,PE,NFO-OPT,NFO
11196418,43736,BANKNIFTY2321643500CE,BANKNIFTY,0.0,2023-02-16,43500.0,0.05,25,CE,NFO-OPT,NFO
11196674,43737,BANKNIFTY2321643500PE,BANKNIFTY,0.0,2023-02-16,43500.0,0.05,25,PE,NFO-OPT,NFO
11196930,43738,BANKNIFTY2321643600CE,BANKNIFTY,0.0,2023-02-16,43600.0,0.05,25,CE,NFO-OPT,NFO
11197186,43739,BANKNIFTY2321643600PE,BANKNIFTY,0.0,2023-02-16,43600.0,0.05,25,PE,NFO-OPT,NFO
11197954,43742,BANKNIFTY2321643700CE,BANKNIFTY,0.0,2023-02-16,43700.0,0.05,25,CE,NFO-OPT,NFO
11198210,43743,BANKNIFTY2321643700PE,BANKNIFTY,0.0,2023-02-16,43700.0,0.05,25,PE,NFO-OPT,NFO
11198466,43744,BANKNIFTY2321643800CE,BANKNIFTY,0.0,2023-02-16,43800.0,0.05,25,CE,NFO-OPT,NFO
11198722,43745,BANKNIFTY2321643800PE,BANKNIFTY,0.0,2023-02-16,43800.0,0.05,25,PE,NFO-OPT,NFO
11198978,43746,BANKNIFTY2321643900CE,BANKNIFTY,0.0,2023-02-16,43900.0,0.05,25,CE,NFO-OPT,NFO
11199234,43747,BANKNIFTY2321643900PE,BANKNIFTY,0.0,2023-02-16,43900.0,0.05,25,PE,NFO-OPT,NFO
11199746,43749,BANKNIFTY2321644000CE,BANKNIFTY,0.0,2023-02-16,44000.0,0.05,25,CE,NFO-OPT,NFO
11200002,43750,BANKNIFTY2321644000PE,BANKNIFTY,0.0,2023-02-16,44000.0,0.05,25,PE,NFO-OPT,NFO
11200258,43751,BANKNIFTY2321644100CE,BANKNIFTY,0.0,2023-02-16,44100.0,0.05,25,CE,NFO-OPT,NFO
11200514,43752,BANKNIFTY2321644100PE,BANKNIFTY,0.0,2023-02-16,44100.0,0.05,25,PE,NFO-OPT,NFO
11200770,43753,BANKNIFTY2321644200CE,BANKNIFTY,0.0,2023-02-16,44200.0,0.05,25,CE,NFO-OPT,NFO
11201026,43754,BANKNIFTY2321644200PE,BANKNIFTY,0.0,2023-02-16,44200.0,0.05,25,PE,NFO-OPT,NFO
11202050,43758,BANKNIFTY2321644300CE,BANKNIFTY,0.0,2023-02-16,44300.0,0.05,25,CE,NFO-OPT,NFO
11203074,43762,BANKNIFTY2321644300PE,BANKNIFTY,0.0,2023-02-16,44300.0,0.05,25,PE,NFO-OPT,NFO
11203330,43763,BANKNIFTY2321644400CE,BANKNIFTY,0.0,2023-02-16,44400.0,0.05,25,CE,NFO-OPT,NFO
11203586,43764,BANKNIFTY2321644400PE,BANKNIFTY,0.0,2023-02-16,44400.0,0.05,25,PE,NFO-OPT,NFO
11203842,43765,BANKNIFTY2321644500CE,BANKNIFTY,0.0,2023-02-16,44500.0,0.05,25,CE,NFO-OPT,NFO
11204098,43766,BANKNIFTY2321644500PE,BANKNIFTY,0.0,2023-02-16,44500.0,0.05,25,PE,NFO-OPT,NFO
11204354,43767,BANKNIFTY2321644600CE,BANKNIFTY,0.0,2023-02-16,44600.0,0.05,25,CE,NFO-OPT,NFO
11204610,43768,BANKNIFTY2321644600PE,BANKNIFTY,0.0,2023-02-16,44600.0,0.05,25,PE,NFO-OPT,NFO
11204866,43769,BANKNIFTY2321644700CE,BANKNIFTY,0.0,2023-02-16,44700.0,0.05,25,CE,NFO-OPT,NFO
11205378,43771,BANKNIFTY2321644700PE,BANKNIFTY,0.0,2023-02-16,44700.0,0.05,25,PE,NFO-OPT,NFO
11205634,43772,BANKNIFTY2321644800CE,BANKNIFTY,0.0,2023-02-16,44800.0,0.05,25,CE,NFO-OPT,NFO
11206146,43774,BANKNIFTY2321644800PE,BANKNIFTY,0.0,2023-02-16,44800.0,0.05,25,PE,NFO-OPT,NFO
11206914,43777,BANKNIFTY2321645000CE,BANKNIFTY,0.0,2023-02-16,45000.0,0.05,25,CE,NFO-OPT,NFO
11212290,43798,BANKNIFTY2321645000PE,BANKNIFTY,0.0,2023-02-16,45000.0,0.05,25,PE,NFO-OPT,NFO
11217666,43819,BANKNIFTY2321645500CE,BANKNIFTY,0.0,2023-02-16,45500.0,0.05,25,CE,NFO-OPT,NFO
11217922,43820,BANKNIFTY2321645500PE,BANKNIFTY,0.0,2023-02-16,45500.0,0.05,25,PE,NFO-OPT,NFO
11221506,43834,BANKNIFTY2321646000CE,BANKNIFTY,0.0,2023-02-16,46000.0,0.05,25,CE,NFO-OPT,NFO
11221762,43835,BANKNIFTY2321646000PE,BANKNIFTY,0.0,2023-02-16,46000.0,0.05,25,PE,NFO-OPT,NFO
11223298,43841,BANKNIFTY2321646500CE,BANKNIFTY,0.0,2023-02-16,46500.0,0.05,25,CE,NFO-OPT,NFO
11224322,43845,BANKNIFTY2321646500PE,BANKNIFTY,0.0,2023-02-16,46500.0,0.05,25,PE,NFO-OPT,NFO
11224578,43846,BANKNIFTY2321647000CE,BANKNIFTY,0.0,2023-02-16,47000.0,0.05,25,CE,NFO-OPT,NFO
11224834,43847,BANKNIFTY2321647000PE,BANKNIFTY,0.0,2023-02-16,47000.0,0.05,25,PE,NFO-OPT,NFO
11225090,43848,BANKNIFTY2321647500CE,BANKNIFTY,0.0,2023-02-16,47500.0,0.05,25,CE,NFO-OPT,NFO
11227650,43858,BANKNIFTY2321647500PE,BANKNIFTY,0.0,2023-02-16,47500.0,0.05,25,PE,NFO-OPT,NFO
11227906,43859,BANKNIFTY2321648000CE,BANKNIFTY,0.0,2023-02-16,48000.0,0.05,25,CE,NFO-OPT,NFO
11228418,43861,BANKNIFTY2321648000PE,BANKNIFTY,0.0,2023-02-16,48000.0,0.05,25,PE,NFO-OPT,NFO
10566146,41274,FINNIFTY2321416000CE,FINNIFTY,0.0,2023-02-14,16000.0,0.05,40,CE,NFO-OPT,NFO
10566402,41275,FINNIFTY2321416000PE,FINNIFTY,0.0,2023-02-14,16000.0,0.05,40,PE,NFO-OPT,NFO
10567426,41279,FINNIFTY2321416100CE,FINNIFTY,0.0,2023-02-14,16100.0,0.05,40,CE,NFO-OPT,NFO
10567682,41280,FINNIFTY2321416100PE,FINNIFTY,0.0,2023-02-14,16100.0,0.05,40,PE,NFO-OPT,NFO
10567938,41281,FINNIFTY2321416200CE,FINNIFTY,0.0,2023-02-14,16200.0,0.05,40,CE,NFO-OPT,NFO
10568194,41282,FINNIFTY2321416200PE,FINNIFTY,0.0,2023-02-14,16200.0,0.05,40,PE,NFO-OPT,NFO
10568450,41283,FINNIFTY2321416300CE,FINNIFTY,0.0,2023-02-14,16300.0,0.05,40,CE,NFO-OPT,NFO
10568706,41284,FINNIFTY2321416300PE,FINNIFTY,0.0,2023-02-14,16300.0,0.05,40,PE,NFO-OPT,NFO
10568962,41285,FINNIFTY2321416400CE,FINNIFTY,0.0,2023-02-14,16400.0,0.05,40,CE,NFO-OPT,NFO
10569218,41286,FINNIFTY2321416400PE,FINNIFTY,0.0,2023-02-14,16400.0,0.05,40,PE,NFO-OPT,NFO
10569986,41289,FINNIFTY2321416500CE,FINNIFTY,0.0,2023-02-14,16500.0,0.05,40,CE,NFO-OPT,NFO
10570242,41290,FINNIFTY2321416500PE,FINNIFTY,0.0,2023-02-14,16500.0,0.05,40,PE,NFO-OPT,NFO
10571778,41296,FINNIFTY2321416600CE,FINNIFTY,0.0,2023-02-14,16600.0,0.05,40,CE,NFO-OPT,NFO
10572802,41300,FINNIFTY2321416600PE,FINNIFTY,0.0,2023-02-14,16600.0,0.05,40,PE,NFO-OPT,NFO
10573570,41303,FINNIFTY2321416700CE,FINNIFTY,0.0,2023-02-14,16700.0,0.05,40,CE,NFO-OPT,NFO
10576898,41316,FINNIFTY2321416700PE,FINNIFTY,0.0,2023-02-14,16700.0,0.05,40,PE,NFO-OPT,NFO
10581250,41333,FINNIFTY2321416800CE,FINNIFTY,0.0,2023-02-14,16800.0,0.05,40,CE,NFO-OPT,NFO
10581506,41334,FINNIFTY2321416800PE,FINNIFTY,0.0,2023-02-14,16800.0,0.05,40,PE,NFO-OPT,NFO
10585090,41348,FINNIFTY2321416900CE,FINNIFTY,0.0,2023-02-14,16900.0,0.05,40,CE,NFO-OPT,NFO
10585346,41349,FINNIFTY2321416900PE,FINNIFTY,0.0,2023-02-14,16900.0,0.05,40,PE,NFO-OPT,NFO
10586626,41354,FINNIFTY2321417000CE,FINNIFTY,0.0,2023-02-14,17000.0,0.05,40,CE,NFO-OPT,NFO
10586882,41355,FINNIFTY2321417000PE,FINNIFTY,0.0,2023-02-14,17000.0,0.05,40,PE,NFO-OPT,NFO
10587138,41356,FINNIFTY2321417050CE,FINNIFTY,0.0,2023-02-14,17050.0,0.05,40,CE,NFO-OPT,NFO
10588930,41363,FINNIFTY2321417050PE,FINNIFTY,0.0,2023-02-14,17050.0,0.05,40,PE,NFO-OPT,NFO
10589698,41366,FINNIFTY2321417100CE,FINNIFTY,0.0,2023-02-14,17100.0,0.05,40,CE,NFO-OPT,NFO
10589954,41367,FINNIFTY2321417100PE,FINNIFTY,0.0,2023-02-14,17100.0,0.05,40,PE,NFO-OPT,NFO
10590466,41369,FINNIFTY2321417150CE,FINNIFTY,0.0,2023-02-14,17150.0,0.05,40,CE,NFO-OPT,NFO
10590978,41371,FINNIFTY2321417150PE,FINNIFTY,0.0,2023-02-14,17150.0,0.05,40,PE,NFO-OPT,NFO
10591746,41374,FINNIFTY2321417200CE,FINNIFTY,0.0,2023-02-14,17200.0,0.05,40,CE,NFO-OPT,NFO
10592258,41376,FINNIFTY2321417200PE,FINNIFTY,0.0,2023-02-14,17200.0,0.05,40,PE,NFO-OPT,NFO
10592514,41377,FINNIFTY2321417250CE,FINNIFTY,0.0,2023-02-14,17250.0,0.05,40,CE,NFO-OPT,NFO
10593538,41381,FINNIFTY2321417250PE,FINNIFTY,0.0,2023-02-14,17250.0,0.05,40,PE,NFO-OPT,NFO
10594050,41383,FINNIFTY2321417300CE,FINNIFTY,0.0,2023-02-14,17300.0,0.05,40,CE,NFO-OPT,NFO
10594306,41384,FINNIFTY2321417300PE,FINNIFTY,0.0,2023-02-14,17300.0,0.05,40,PE,NFO-OPT,NFO
10594562,41385,FINNIFTY2321417350CE,FINNIFTY,0.0,2023-02-14,17350.0,0.05,40,CE,NFO-OPT,NFO
10595586,41389,FINNIFTY2321417350PE,FINNIFTY,0.0,2023-02-14,17350.0,0.05,40,PE,NFO-OPT,NFO
10595842,41390,FINNIFTY2321417400CE,FINNIFTY,0.0,2023-02-14,17400.0,0.05,40,CE,NFO-OPT,NFO
10596354,41392,FINNIFTY2321417400PE,FINNIFTY,0.0,2023-02-14,17400.0,0.05,40,PE,NFO-OPT,NFO
10596610,41393,FINNIFTY2321417450CE,FINNIFTY,0.0,2023-02-14,17450.0,0.05,40,CE,NFO-OPT,NFO
10596866,41394,FINNIFTY2321417450PE,FINNIFTY,0.0,2023-02-14,17450.0,0.05,40,PE,NFO-OPT,NFO
10597122,41395,FINNIFTY2321417500CE,FINNIFTY,0.0,2023-02-14,17500.0,0.05,40,CE,NFO-OPT,NFO
10597378,41396,FINNIFTY2321417500PE,FINNIFTY,0.0,2023-02-14,17500.0,0.05,40,PE,NFO-OPT,NFO
10597634,41397,FINNIFTY2321417550CE,FINNIFTY,0.0,2023-02-14,17550.0,0.05,40,CE,NFO-OPT,NFO
10598914,41402,FINNIFTY2321417550PE,FINNIFTY,0.0,2023-02-14,17550.0,0.05,40,PE,NFO-OPT,NFO
10599170,41403,FINNIFTY2321417600CE,FINNIFTY,0.0,2023-02-14,17600.0,0.05,40,CE,NFO-OPT,NFO
10599426,41404,FINNIFTY2321417600PE,FINNIFTY,0.0,2023-02-14,17600.0,0.05,40,PE,NFO-OPT,NFO
10599682,41405,FINNIFTY2321417650CE,FINNIFTY,0.0,2023-02-14,17650.0,0.05,40,CE,NFO-OPT,NFO
10599938,41406,FINNIFTY2321417650PE,FINNIFTY,0.0,2023-02-14,17650.0,0.05,40,PE,NFO-OPT,NFO
10600194,41407,FINNIFTY2321417700CE,FINNIFTY,0.0,2023-02-14,17700.0,0.05,40,CE,NFO-OPT,NFO
10600450,41408,FINNIFTY2321417700PE,FINNIFTY,0.0,2023-02-14,17700.0,0.05,40,PE,NFO-OPT,NFO
10601218,41411,FINNIFTY2321417750CE,FINNIFTY,0.0,2023-02-14,17750.0,0.05,40,CE,NFO-OPT,NFO
10601474,41412,FINNIFTY2321417750PE,FINNIFTY,0.0,2023-02-14,17750.0,0.05,40,PE,NFO-OPT,NFO
10601730,41413,FINNIFTY2321417800CE,FINNIFTY,0.0,2023-02-14,17800.0,0.05,40,CE,NFO-OPT,NFO
10602498,41416,FINNIFTY2321417800PE,FINNIFTY,0.0,2023-02-14,17800.0,0.05,40,PE,NFO-OPT,NFO
10602754,41417,FINNIFTY2321417850CE,FINNIFTY,0.0,2023-02-14,17850.0,0.05,40,CE,NFO-OPT,NFO
10606594,41432,FINNIFTY2321417850PE,FINNIFTY,0.0,2023-02-14,17850.0,0.05,40,PE,NFO-OPT,NFO
10606850,41433,FINNIFTY2321417900CE,FINNIFTY,0.0,2023-02-14,17900.0,0.05,40,CE,NFO-OPT,NFO
10607106,41434,FINNIFTY2321417900PE,FINNIFTY,0.0,2023-02-14,17900.0,0.05,40,PE,NFO-OPT,NFO
10608130,41438,FINNIFTY2321417950CE,FINNIFTY,0.0,2023-02-14,17950.0,0.05,40,CE,NFO-OPT,NFO
10608386,41439,FINNIFTY2321417950PE,FINNIFTY,0.0,2023-02-14,17950.0,0.05,40,PE,NFO-OPT,NFO
10608898,41441,FINNIFTY2321418000CE,FINNIFTY,0.0,2023-02-14,18000.0,0.05,40,CE,NFO-OPT,NFO
10609154,41442,FINNIFTY2321418000PE,FINNIFTY,0.0,2023-02-14,18000.0,0.05,40,PE,NFO-OPT,NFO
10609410,41443,FINNIFTY2321418050CE,FINNIFTY,0.0,2023-02-14,18050.0,0.05,40,CE,NFO-OPT,NFO
10609666,41444,FINNIFTY2321418050PE,FINNIFTY,0.0,2023-02-14,18050.0,0.05,40,PE,NFO-OPT,NFO
10609922,41445,FINNIFTY2321418100CE,FINNIFTY,0.0,2023-02-14,18100.0,0.05,40,CE,NFO-OPT,NFO
10610178,41446,FINNIFTY2321418100PE,FINNIFTY,0.0,2023-02-14,18100.0,0.05,40,PE,NFO-OPT,NFO
10610946,41449,FINNIFTY2321418150CE,FINNIFTY,0.0,2023-02-14,18150.0,0.05,40,CE,NFO-OPT,NFO
10611458,41451,FINNIFTY2321418150PE,FINNIFTY,0.0,2023-02-14,18150.0,0.05,40,PE,NFO-OPT,NFO
10611714,41452,FINNIFTY2321418200CE,FINNIFTY,0.0,2023-02-14,18200.0,0.05,40,CE,NFO-OPT,NFO
10612482,41455,FINNIFTY2321418200PE,FINNIFTY,0.0,2023-02-14,18200.0,0.05,40,PE,NFO-OPT,NFO
10612738,41456,FINNIFTY2321418250CE,FINNIFTY,0.0,2023-02-14,18250.0,0.05,40,CE,NFO-OPT,NFO
10613250,41458,FINNIFTY2321418250PE,FINNIFTY,0.0,2023-02-14,18250.0,0.05,40,PE,NFO-OPT,NFO
10613506,41459,FINNIFTY2321418300CE,FINNIFTY,0.0,2023-02-14,18300.0,0.05,40,CE,NFO-OPT,NFO
10614530,41463,FINNIFTY2321418300PE,FINNIFTY,0.0,2023-02-14,18300.0,0.05,40,PE,NFO-OPT,NFO
10614786,41464,FINNIFTY2321418350CE,FINNIFTY,0.0,2023-02-14,18350.0,0.05,40,CE,NFO-OPT,NFO
10616322,41470,FINNIFTY2321418350PE,FINNIFTY,0.0,2023-02-14,18350.0,0.05,40,PE,NFO-OPT,NFO
10616578,41471,FINNIFTY2321418400CE,FINNIFTY,0.0,2023-02-14,18400.0,0.05,40,CE,NFO-OPT,NFO
10618882,41480,FINNIFTY2321418400PE,FINNIFTY,0.0,2023-02-14,18400.0,0.05,40,PE,NFO-OPT,NFO
10619138,41481,FINNIFTY2321418450CE,FINNIFTY,0.0,2023-02-14,18450.0,0.05,40,CE,NFO-OPT,NFO
10619394,41482,FINNIFTY2321418450PE,FINNIFTY,0.0,2023-02-14,18450.0,0.05,40,PE,NFO-OPT,NFO
10619650,41483,FINNIFTY2321418500CE,FINNIFTY,0.0,2023-02-14,18500.0,0.05,40,CE,NFO-OPT,NFO
10621954,41492,FINNIFTY2321418500PE,FINNIFTY,0.0,2023-02-14,18500.0,0.05,40,PE,NFO-OPT,NFO
10622722,41495,FINNIFTY2321418550CE,FINNIFTY,0.0,2023-02-14,18550.0,0.05,40,CE,NFO-OPT,NFO
10624770,41503,FINNIFTY2321418550PE,FINNIFTY,0.0,2023-02-14,18550.0,0.05,40,PE,NFO-OPT,NFO
10625026,41504,FINNIFTY2321418600CE,FINNIFTY,0.0,2023-02-14,18600.0,0.05,40,CE,NFO-OPT,NFO
10625282,41505,FINNIFTY2321418600PE,FINNIFTY,0.0,2023-02-14,18600.0,0.05,40,PE,NFO-OPT,NFO
10625794,41507,FINNIFTY2321418650CE,FINNIFTY,0.0,2023-02-14,18650.0,0.05,40,CE,NFO-OPT,NFO
10626050,41508,FINNIFTY2321418650PE,FINNIFTY,0.0,2023-02-14,18650.0,0.05,40,PE,NFO-OPT,NFO
10626818,41511,FINNIFTY2321418700CE,FINNIFTY,0.0,2023-02-14,18700.0,0.05,40,CE,NFO-OPT,NFO
10627842,41515,FINNIFTY2321418700PE,FINNIFTY,0.0,2023-02-14,18700.0,0.05,40,PE,NFO-OPT,NFO
10628098,41516,FINNIFTY2321418750CE,FINNIFTY,0.0,2023-02-14,18750.0,0.05,40,CE,NFO-OPT,NFO
10628354,41517,FINNIFTY2321418750PE,FINNIFTY,0.0,2023-02-14,18750.0,0.05,40,PE,NFO-OPT,NFO
10628610,41518,FINNIFTY2321418800CE,FINNIFTY,0.0,2023-02-14,18800.0,0.05,40,CE,NFO-OPT,NFO
10628866,41519,FINNIFTY2321418800PE,FINNIFTY,0.0,2023-02-14,18800.0,0.05,40,PE,NFO-OPT,NFO
10629122,41520,FINNIFTY2321418850CE,FINNIFTY,0.0,2023-02-14,18850.0,0.05,40,CE,NFO-OPT,NFO
10634498,41541,FINNIFTY2321418850PE,FINNIFTY,0.0,2023-02-14,18850.0,0.05,40,PE,NFO-OPT,NFO
10634754,41542,FINNIFTY2321418900CE,FINNIFTY,0.0,2023-02-14,18900.0,0.05,40,CE,NFO-OPT,NFO
10635010,41543,FINNIFTY2321418900PE,FINNIFTY,0.0,2023-02-14,18900.0,0.05,40,PE,NFO-OPT,NFO
10635266,41544,FINNIFTY2321418950CE,FINNIFTY,0.0,2023-02-14,18950.0,0.05,40,CE,NFO-OPT,NFO
10635522,41545,FINNIFTY2321418950PE,FINNIFTY,0.0,2023-02-14,18950.0,0.05,40,PE,NFO-OPT,NFO
10635778,41546,FINNIFTY2321419000CE,FINNIFTY,0.0,2023-02-14,19000.0,0.05,40,CE,NFO-OPT,NFO
10638594,41557,FINNIFTY2321419000PE,FINNIFTY,0.0,2023-02-14,19000.0,0.05,40,PE,NFO-OPT,NFO
10639362,41560,FINNIFTY2321419050CE,FINNIFTY,0.0,2023-02-14,19050.0,0.05,40,CE,NFO-OPT,NFO
10639874,41562,FINNIFTY2321419050PE,FINNIFTY,0.0,2023-02-14,19050.0,0.05,40,PE,NFO-OPT,NFO
10640642,41565,FINNIFTY2321419100CE,FINNIFTY,0.0,2023-02-14,19100.0,0.05,40,CE,NFO-OPT,NFO
10640898,41566,FINNIFTY2321419100PE,FINNIFTY,0.0,2023-02-14,19100.0,0.05,40,PE,NFO-OPT,NFO
10641154,41567,FINNIFTY2321419150CE,FINNIFTY,0.0,2023-02-14,19150.0,0.05,40,CE,NFO-OPT,NFO
10641410,41568,FINNIFTY2321419150PE,FINNIFTY,0.0,2023-02-14,19150.0,0.05,40,PE,NFO-OPT,NFO
10641666,41569,FINNIFTY2321419200CE,FINNIFTY,0.0,2023-02-14,19200.0,0.05,40,CE,NFO-OPT,NFO
10641922,41570,FINNIFTY2321419200PE,FINNIFTY,0.0,2023-02-14,19200.0,0.05,40,PE,NFO-OPT,NFO
10642178,41571,FINNIFTY2321419250CE,FINNIFTY,0.0,2023-02-14,19250.0,0.05,40,CE,NFO-OPT,NFO
10642434,41572,FINNIFTY2321419250PE,FINNIFTY,0.0,2023-02-14,19250.0,0.05,40,PE,NFO-OPT,NFO
10642690,41573,FINNIFTY2321419300CE,FINNIFTY,0.0,2023-02-14,19300.0,0.05,40,CE,NFO-OPT,NFO
10642946,41574,FINNIFTY2321419300PE,FINNIFTY,0.0,2023-02-14,19300.0,0.05,40,PE,NFO-OPT,NFO
10643202,41575,FINNIFTY2321419350CE,FINNIFTY,0.0,2023-02-14,19350.0,0.05,40,CE,NFO-OPT,NFO
10643458,41576,FINNIFTY2321419350PE,FINNIFTY,0.0,2023-02-14,19350.0,0.05,40,PE,NFO-OPT,NFO
10643714,41577,FINNIFTY2321419400CE,FINNIFTY,0.0,2023-02-14,19400.0,0.05,40,CE,NFO-OPT,NFO
10643970,41578,FINNIFTY2321419400PE,FINNIFTY,0.0,2023-02-14,19400.0,0.05,40,PE,NFO-OPT,NFO
10644226,41579,FINNIFTY2321419450CE,FINNIFTY,0.0,2023-02-14,19450.0,0.05,40,CE,NFO-OPT,NFO
10644482,41580,FINNIFTY2321419450PE,FINNIFTY,0.0,2023-02-14,19450.0,0.05,40,PE,NFO-OPT,NFO
10644738,41581,FINNIFTY2321419500CE,FINNIFTY,0.0,2023-02-14,19500.0,0.05,40,CE,NFO-OPT,NFO
10644994,41582,FINNIFTY2321419500PE,FINNIFTY,0.0,2023-02-14,19500.0,0.05,40,PE,NFO-OPT,NFO
10645250,41583,FINNIFTY2321419550CE,FINNIFTY,0.0,2023-02-14,19550.0,0.05,40,CE,NFO-OPT,NFO
10645506,41584,FINNIFTY2321419550PE,FINNIFTY,0.0,2023-02-14,19550.0,0.05,40,PE,NFO-OPT,NFO
10645762,41585,FINNIFTY2321419600CE,FINNIFTY,0.0,2023-02-14,19600.0,0.05,40,CE,NFO-OPT,NFO
10646018,41586,FINNIFTY2321419600PE,FINNIFTY,0.0,2023-02-14,19600.0,0.05,40,PE,NFO-OPT,NFO
10646274,41587,FINNIFTY2321419650CE,FINNIFTY,0.0,2023-02-14,19650.0,0.05,40,CE,NFO-OPT,NFO
10646530,41588,FINNIFTY2321419650PE,FINNIFTY,0.0,2023-02-14,19650.0,0.05,40,PE,NFO-OPT,NFO
10646786,41589,FINNIFTY2321419700CE,FINNIFTY,0.0,2023-02-14,19700.0,0.05,40,CE,NFO-OPT,NFO
10647042,41590,FINNIFTY2321419700PE,FINNIFTY,0.0,2023-02-14,19700.0,0.05,40,PE,NFO-OPT,NFO
10647810,41593,FINNIFTY2321419750CE,FINNIFTY,0.0,2023-02-14,19750.0,0.05,40,CE,NFO-OPT,NFO
10648066,41594,FINNIFTY2321419750PE,FINNIFTY,0.0,2023-02-14,19750.0,0.05,40,PE,NFO-OPT,NFO
10648322,41595,FINNIFTY2321419800CE,FINNIFTY,0.0,2023-02-14,19800.0,0.05,40,CE,NFO-OPT,NFO
10648578,41596,FINNIFTY2321419800PE,FINNIFTY,0.0,2023-02-14,19800.0,0.05,40,PE,NFO-OPT,NFO
10648834,41597,FINNIFTY2321419850CE,FINNIFTY,0.0,2023-02-14,19850.0,0.05,40,CE,NFO-OPT,NFO
10649090,41598,FINNIFTY2321419850PE,FINNIFTY,0.0,2023-02-14,19850.0,0.05,40,PE,NFO-OPT,NFO
10649858,41601,FINNIFTY2321419900CE,FINNIFTY,0.0,2023-02-14,19900.0,0.05,40,CE,NFO-OPT,NFO
10650114,41602,FINNIFTY2321419900PE,FINNIFTY,0.0,2023-02-14,19900.0,0.05,40,PE,NFO-OPT,NFO
10650882,41605,FINNIFTY2321420000CE,FINNIFTY,0.0,2023-02-14,20000.0,0.05,40,CE,NFO-OPT,NFO
10651138,41606,FINNIFTY2321420000PE,FINNIFTY,0.0,2023-02-14,20000.0,0.05,40,PE,NFO-OPT,NFO
10652418,41611,FINNIFTY2321420100CE,FINNIFTY,0.0,2023-02-14,20100.0,0.05,40,CE,NFO-OPT,NFO
10652674,41612,FINNIFTY2321420100PE,FINNIFTY,0.0,2023-02-14,20100.0,0.05,40,PE,NFO-OPT,NFO
10653442,41615,FINNIFTY2321420200CE,FINNIFTY,0.0,2023-02-14,20200.0,0.05,40,CE,NFO-OPT,NFO
10653698,41616,FINNIFTY2321420200PE,FINNIFTY,0.0,2023-02-14,20200.0,0.05,40,PE,NFO-OPT,NFO
10654978,41621,FINNIFTY2321420300CE,FINNIFTY,0.0,2023-02-14,20300.0,0.05,40,CE,NFO-OPT,NFO
10655234,41622,FINNIFTY2321420300PE,FINNIFTY,0.0,2023-02-14,20300.0,0.05,40,PE,NFO-OPT,NFO
10656002,41625,FINNIFTY2321420400CE,FINNIFTY,0.0,2023-02-14,20400.0,0.05,40,CE,NFO-OPT,NFO
10656258,41626,FINNIFTY2321420400PE,FINNIFTY,0.0,2023-02-14,20400.0,0.05,40,PE,NFO-OPT,NFO
10657026,41629,FINNIFTY2321420500CE,FINNIFTY,0.0,2023-02-14,20500.0,0.05,40,CE,NFO-OPT,NFO
10657282,41630,FINNIFTY2321420500PE,FINNIFTY,0.0,2023-02-14,20500.0,0.05,40,PE,NFO-OPT,NFO
10657538,41631,FINNIFTY2321420600CE,FINNIFTY,0.0,2023-02-14,20600.0,0.05,40,CE,NFO-OPT,NFO
10657794,41632,FINNIFTY2321420600PE,FINNIFTY,0.0,2023-02-14,20600.0,0.05,40,PE,NFO-OPT,NFO
10658050,41633,FINNIFTY2321420700CE,FINNIFTY,0.0,2023-02-14,20700.0,0.05,40,CE,NFO-OPT,NFO
10658306,41634,FINNIFTY2321420700PE,FINNIFTY,0.0,2023-02-14,20700.0,0.05,40,PE,NFO-OPT,NFO
10658562,41635,FINNIFTY2321420800CE,FINNIFTY,0.0,2023-02-14,20800.0,0.05,40,CE,NFO-OPT,NFO
10658818,41636,FINNIFTY2321420800PE,FINNIFTY,0.0,2023-02-14,20800.0,0.05,40,PE,NFO-OPT,NFO
10659074,41637,FINNIFTY2321420900CE,FINNIFTY,0.0,2023-02-14,20900.0,0.05,40,CE,NFO-OPT,NFO
10659330,41638,FINNIFTY2321420900PE,FINNIFTY,0.0,2023-02-14,20900.0,0.05,40,PE,NFO-OPT,NFO
